{"data_x_no_norm": {"name": ["2", "5", "8", "11", "13", "14", "15", "19", "21", "24", "25", "28", "32", "33", "38", "39", "42", "44", "46", "47", "48", "51", "52", "53", "54", "55", "56", "57", "58", "59", "60", "61", "62", "73", "74_1", "74_2", "81", "88", "12", "72"], "age_years": [22, 11, 2, 43, 24, 18, 4, 18, 40, 35, 2, 16, 21, 2, 2, 2, 22, 8, 3, 2, 22, 15, 13, 2, 21, 45, 2, 22, 2, 3, 17, 29, 3, 0, 21, 2, 12, 4, 14, 43], "H1_fail_prob": [0.585217088, 0.355963579, 0.076883654, 0.820933852, 0.617107114, 0.513247744, 0.147856211, 0.513247744, 0.798103482, 0.753403036, 0.076883654, 0.472707576, 0.568289477, 0.076883654, 0.076883654, 0.076883654, 0.585217088, 0.273850963, 0.113079563, 0.076883654, 0.585217088, 0.451188364, 0.405479452, 0.076883654, 0.568289477, 0.834701112, 0.076883654, 0.585217088, 0.076883654, 0.113079563, 0.493383008, 0.686513819, 0.113079563, 0.0, 0.568289477, 0.076883654, 0.381216608, 0.147856211, 0.428790936, 0.820933852], "H2_criticality": [5, 11, 1, 3, 21, 4, 0, 14, 0, 0, 1, 4, 4, 1, 0, 1, 15, 1, 2, 0, 1, 2, 1, 0, 14, 1, 0, 2, 5, 8, 4, 1, 5, 0, 15, 15, 3, 0, 40, 10], "H3_energy": [873781, 1022882, 620858, 532193, 0, 644969, 217202, 1575076, 194173, 298830, 302141, 1482577, 613216, 425791, 237797, 775018, 1276817, 590308, 484916, 558810, 515687, 575210, 828648, 256505, 737163, 231310, 206733, 458878, 592992, 420479, 1145730, 928, 514312, 294435, 888781, 0, 318572, 76696, 732954, 627011], "asset_type": ["8EuTBN 400-24x/A_24/0.4_400_KONCAR", "8EuTBN 630-24x/A_24/0.4_630_KONCAR", "8EuTBNO 250-24x/A_24/0.4_250_KONCAR", "8EuTBNO 400-24x/A_24/0.4_400", "3TBNv 630-24x/AF_24/0.4_630", "8EuTBN 400-24x/A_24/0.4_400_KONCAR", "8EuTBN 100-24x/A_24/0.4_100_KONCAR", "8EuTBNO 630-24x/A_24/0.4_630_KONCAR", "2TBN 160-12/A_10/0.4_160_KONCAR", "3TBN 250-12/G_10/0.4_250_KONCAR", "8EuTBNO 250-24x/A_24/0.4_250_KONCAR", "8EuTBN 630-24x/A_24/0.4_630_KONCAR", "8EuTBN 250-24x/A_24/0.4_250_KONCAR", "8EuTBNO 250-24x/A_24/0.4_250_KONCAR", "8EuTBN 160-24x/A_24/0.4_160_KONCAR", "8EuTBNO 400-24x/A_24/0.4_400", "8EuTBN 630-24x/A_24/0.4_630_KONCAR", "8EuTBNO 400-24x/A_24/0.4_400", "6TBNO 250-24x/AC_24/0.4_250_KONCAR", "8EuTBN 400-24x/A_24/0.4_400_KONCAR", "8ETBN 250-24x/A_24/0.4_250_KONCAR", "8EuTBN 400-24x/A_24/0.4_400_KONCAR", "8EuTBN 400-24x/A_24/0.4_400_KONCAR", "8EuTBN 160-24x/A_24/0.4_160_KONCAR", "8EuTBN 630-24x/A_24/0.4_630_KONCAR", "3T 630-12_10/0.4_630_KONCAR", "8EuTBN 160-24x/A_24/0.4_160_KONCAR", "8EuTBN 400-24x/A_24/0.4_400_KONCAR", "8EuTBNO 250-24x/A_24/0.4_250_KONCAR", "8EuTBN 250-24x/A_24/0.4_250_KONCAR", "8EuTBN 400-24x/A_24/0.4_400_KONCAR", "3TBNv 400-24x/B_24/0.4_400_KONCAR", "8EuTBNO 250-24x/A_24/0.4_250_KONCAR", "3T 630-12_10/0.4_630_KONCAR", "8EuTBN 630-24x/A_24/0.4_630", "8EuTBNO 400-24x/A_24/0.4_400", "8EuTBN 630-24x/A_24/0.4_630_KONCAR", "8EuTBNO 250-24x/A_24/0.4_250_KONCAR", "8EuTBNO 250-24x/A_24/0.4_250_KONCAR", "7TBN 250-12/A_10/0.4_250"], "num_H1_fail_prob": [0.585217088, 0.355963579, 0.076883654, 0.820933852, 0.617107114, 0.513247744, 0.147856211, 0.513247744, 0.798103482, 0.753403036, 0.076883654, 0.472707576, 0.568289477, 0.076883654, 0.076883654, 0.076883654, 0.585217088, 0.273850963, 0.113079563, 0.076883654, 0.585217088, 0.451188364, 0.405479452, 0.076883654, 0.568289477, 0.834701112, 0.076883654, 0.585217088, 0.076883654, 0.113079563, 0.493383008, 0.686513819, 0.113079563, 0.0, 0.568289477, 0.076883654, 0.381216608, 0.147856211, 0.428790936, 0.820933852], "num_H1_fail_prob_filter": ["num_H1_fail_prob: [0.58;0.84]", "num_H1_fail_prob: [0.07 ; 0.42]", "num_H1_fail_prob: [0.0 ; 0.08]", "num_H1_fail_prob: [0.58;0.84]", "num_H1_fail_prob: [0.58;0.84]", "num_H1_fail_prob: [0.41 ; 0.59]", "num_H1_fail_prob: [0.07 ; 0.42]", "num_H1_fail_prob: [0.41 ; 0.59]", "num_H1_fail_prob: [0.58;0.84]", "num_H1_fail_prob: [0.58;0.84]", "num_H1_fail_prob: [0.0 ; 0.08]", "num_H1_fail_prob: [0.41 ; 0.59]", "num_H1_fail_prob: [0.41 ; 0.59]", "num_H1_fail_prob: [0.0 ; 0.08]", "num_H1_fail_prob: [0.0 ; 0.08]", "num_H1_fail_prob: [0.0 ; 0.08]", "num_H1_fail_prob: [0.58;0.84]", "num_H1_fail_prob: [0.07 ; 0.42]", "num_H1_fail_prob: [0.07 ; 0.42]", "num_H1_fail_prob: [0.0 ; 0.08]", "num_H1_fail_prob: [0.58;0.84]", "num_H1_fail_prob: [0.41 ; 0.59]", "num_H1_fail_prob: [0.07 ; 0.42]", "num_H1_fail_prob: [0.0 ; 0.08]", "num_H1_fail_prob: [0.41 ; 0.59]", "num_H1_fail_prob: [0.58;0.84]", "num_H1_fail_prob: [0.0 ; 0.08]", "num_H1_fail_prob: [0.58;0.84]", "num_H1_fail_prob: [0.0 ; 0.08]", "num_H1_fail_prob: [0.07 ; 0.42]", "num_H1_fail_prob: [0.41 ; 0.59]", "num_H1_fail_prob: [0.58;0.84]", "num_H1_fail_prob: [0.07 ; 0.42]", "num_H1_fail_prob: [0.0 ; 0.08]", "num_H1_fail_prob: [0.41 ; 0.59]", "num_H1_fail_prob: [0.0 ; 0.08]", "num_H1_fail_prob: [0.07 ; 0.42]", "num_H1_fail_prob: [0.07 ; 0.42]", "num_H1_fail_prob: [0.41 ; 0.59]", "num_H1_fail_prob: [0.58;0.84]"]}, "mapping": [[0, 1, 0, 1, 1, 0, 0, 1, 1, 1, 0, 1, 0, 0, 0, 0, 1, 0, 0, 0, 0, 0, 0, 0, 1, 1, 0, 0, 0, 0, 1, 1, 0, 0, 1, 0, 0, 0, 1, 1], [0, 1, 1, 0, 0, 0, 1, 1, 0, 0, 1, 1, 0, 1, 1, 1, 1, 1, 1, 1, 0, 0, 0, 1, 1, 0, 1, 0, 1, 1, 1, 0, 1, 1, 1, 1, 0, 1, 1, 0]], "centroids": [[[18.039560693101393, 0.5075969164441337, 2.7169680170272965, 599291.5384378186], [2.633024347047461, 0.09818940516603684, 2.5038544910098266, 380300.1093956154]], [[37.03603338516657, 0.7620899868695611, 5.100879463963266, 270055.7379222494], [17.537977505811927, 0.499064406892619, 14.845854870085386, 1100312.7980582225]]], "Rows": 2, "Cols": 2, "file_vars": ["age_years", "H1_fail_prob", "H2_criticality", "H3_energy"], "asset_type_list": ["num_H1_fail_prob: [0.58;0.84]", "num_H1_fail_prob: [0.07 ; 0.42]", "num_H1_fail_prob: [0.0 ; 0.08]", "num_H1_fail_prob: [0.58;0.84]", "num_H1_fail_prob: [0.58;0.84]", "num_H1_fail_prob: [0.41 ; 0.59]", "num_H1_fail_prob: [0.07 ; 0.42]", "num_H1_fail_prob: [0.41 ; 0.59]", "num_H1_fail_prob: [0.58;0.84]", "num_H1_fail_prob: [0.58;0.84]", "num_H1_fail_prob: [0.0 ; 0.08]", "num_H1_fail_prob: [0.41 ; 0.59]", "num_H1_fail_prob: [0.41 ; 0.59]", "num_H1_fail_prob: [0.0 ; 0.08]", "num_H1_fail_prob: [0.0 ; 0.08]", "num_H1_fail_prob: [0.0 ; 0.08]", "num_H1_fail_prob: [0.58;0.84]", "num_H1_fail_prob: [0.07 ; 0.42]", "num_H1_fail_prob: [0.07 ; 0.42]", "num_H1_fail_prob: [0.0 ; 0.08]", "num_H1_fail_prob: [0.58;0.84]", "num_H1_fail_prob: [0.41 ; 0.59]", "num_H1_fail_prob: [0.07 ; 0.42]", "num_H1_fail_prob: [0.0 ; 0.08]", "num_H1_fail_prob: [0.41 ; 0.59]", "num_H1_fail_prob: [0.58;0.84]", "num_H1_fail_prob: [0.0 ; 0.08]", "num_H1_fail_prob: [0.58;0.84]", "num_H1_fail_prob: [0.0 ; 0.08]", "num_H1_fail_prob: [0.07 ; 0.42]", "num_H1_fail_prob: [0.41 ; 0.59]", "num_H1_fail_prob: [0.58;0.84]", "num_H1_fail_prob: [0.07 ; 0.42]", "num_H1_fail_prob: [0.0 ; 0.08]", "num_H1_fail_prob: [0.41 ; 0.59]", "num_H1_fail_prob: [0.0 ; 0.08]", "num_H1_fail_prob: [0.07 ; 0.42]", "num_H1_fail_prob: [0.07 ; 0.42]", "num_H1_fail_prob: [0.41 ; 0.59]", "num_H1_fail_prob: [0.58;0.84]"], "assessment_type": "life_assessment", "classifier_var": "num_H1_fail_prob_filter", "auxiliary_vars": ["asset_type", "num_H1_fail_prob"], "tag_var_0": "name", "asset_type_default": ["Lines"]}